,Na,V,Li,K,Mo,MCM,ZrO2,SBA-15,MCF,SBA-16,MgO,MCM-41,CeO2,Nb2O5,Al2O3,HMS,SiO2,TiO2,C2H6,C3H8,O2,保护气体,形态,GHSV,温度,Con,Sel
0,0.0,1.0,0.0,0.0,0.0,0.0,0.0,0.0,0.0,0.0,0.0,0.0,0.0,0.0,99.0,0.0,0.0,0.0,0.0,28.6,14.3,57.1,2,3600.0,400,3.0,80.0
1,0.0,1.0,0.0,0.0,0.0,0.0,0.0,0.0,0.0,0.0,0.0,0.0,0.0,0.0,99.0,0.0,0.0,0.0,0.0,28.6,14.3,57.1,2,3600.0,400,12.3,55.0
2,0.0,1.0,0.0,0.0,0.0,0.0,0.0,0.0,0.0,0.0,0.0,0.0,0.0,0.0,0.0,0.0,0.0,99.0,0.0,28.6,14.3,57.1,2,3600.0,400,1.8,77.0
3,0.0,1.0,0.0,0.0,0.0,0.0,0.0,0.0,0.0,0.0,0.0,0.0,0.0,0.0,0.0,0.0,0.0,99.0,0.0,28.6,14.3,57.1,2,3600.0,400,7.0,48.0
4,0.0,1.0,0.0,0.0,0.0,0.0,0.0,0.0,0.0,0.0,0.0,0.0,99.0,0.0,0.0,0.0,0.0,0.0,0.0,28.6,14.3,57.1,2,3600.0,400,1.8,69.0
5,0.0,1.0,0.0,0.0,0.0,0.0,0.0,0.0,0.0,0.0,0.0,0.0,99.0,0.0,0.0,0.0,0.0,0.0,0.0,28.6,14.3,57.1,2,3600.0,400,7.0,41.0
6,0.0,1.0,0.0,0.0,0.0,0.0,0.0,0.0,0.0,0.0,0.0,0.0,0.0,0.0,0.0,0.0,99.0,0.0,0.0,28.6,14.3,57.1,2,3600.0,400,0.6,74.5
7,0.0,1.0,0.0,0.0,0.0,0.0,0.0,0.0,0.0,0.0,0.0,0.0,0.0,0.0,0.0,0.0,99.0,0.0,0.0,28.6,14.3,57.1,2,3600.0,400,2.2,54.0
8,0.0,1.0,0.0,0.0,0.0,0.0,99.0,0.0,0.0,0.0,0.0,0.0,0.0,0.0,0.0,0.0,0.0,0.0,0.0,28.6,14.3,57.1,2,3600.0,400,1.9,40.0
9,0.0,1.0,0.0,0.0,0.0,0.0,99.0,0.0,0.0,0.0,0.0,0.0,0.0,0.0,0.0,0.0,0.0,0.0,0.0,28.6,14.3,57.1,2,3600.0,400,7.5,26.0
10,0.0,0.0,0.0,0.0,0.0,0.0,0.0,0.0,0.0,0.0,0.0,0.0,0.0,0.0,0.0,0.0,0.0,0.0,0.0,10.0,10.0,80.0,1,22828.986301369863,600,2.7,31.8
11,0.0,0.0,0.0,0.0,0.0,0.0,0.0,0.0,0.0,0.0,0.0,0.0,0.0,0.0,0.0,0.0,100.0,0.0,0.0,10.0,10.0,80.0,1,22828.986301369863,600,10.6,38.0
12,0.0,0.182,0.0,0.0,0.0,0.0,0.0,0.0,0.0,0.0,0.0,0.0,0.0,0.0,0.0,0.0,99.818,0.0,0.0,10.0,10.0,80.0,3,22828.986301369863,600,25.0,48.8
13,0.0,0.928,0.0,0.0,0.0,0.0,0.0,0.0,0.0,0.0,0.0,0.0,0.0,0.0,0.0,0.0,99.072,0.0,0.0,10.0,10.0,80.0,3,22828.986301369863,600,42.2,51.0
14,0.0,1.748,0.0,0.0,0.0,0.0,0.0,0.0,0.0,0.0,0.0,0.0,0.0,0.0,0.0,0.0,98.252,0.0,0.0,10.0,10.0,80.0,3,22828.986301369863,600,49.7,52.3
15,0.0,2.951,0.0,0.0,0.0,0.0,0.0,0.0,0.0,0.0,0.0,0.0,0.0,0.0,0.0,0.0,97.049,0.0,0.0,10.0,10.0,80.0,3,22828.986301369863,600,50.8,54.7
16,0.0,3.279,0.0,0.0,0.0,0.0,0.0,0.0,0.0,0.0,0.0,0.0,0.0,0.0,0.0,0.0,96.721,0.0,0.0,10.0,10.0,80.0,3,22828.986301369863,600,55.0,64.7
17,0.0,3.515,0.0,0.0,0.0,0.0,0.0,0.0,0.0,0.0,0.0,0.0,0.0,0.0,0.0,0.0,96.485,0.0,0.0,10.0,10.0,80.0,3,22828.986301369863,600,47.6,59.8
18,0.0,0.0,0.0,0.0,0.0,0.0,0.0,100.0,0.0,0.0,0.0,0.0,0.0,0.0,0.0,0.0,0.0,0.0,0.0,35.3,29.4,35.3,1,25000.0,600,1.6,75.6
19,0.0,0.7,0.0,0.0,0.0,0.0,0.0,99.3,0.0,0.0,0.0,0.0,0.0,0.0,0.0,0.0,0.0,0.0,0.0,35.3,29.4,35.3,3,4200.0,500,7.1,54.4
20,0.0,1.5,0.0,0.0,0.0,0.0,0.0,98.5,0.0,0.0,0.0,0.0,0.0,0.0,0.0,0.0,0.0,0.0,0.0,35.3,29.4,35.3,3,4200.0,500,23.1,39.8
21,0.0,1.5,0.0,0.0,0.0,0.0,0.0,98.5,0.0,0.0,0.0,0.0,0.0,0.0,0.0,0.0,0.0,0.0,0.0,35.3,29.4,35.3,3,25000.0,600,48.6,41.8
22,0.0,2.5,0.0,0.0,0.0,0.0,0.0,97.5,0.0,0.0,0.0,0.0,0.0,0.0,0.0,0.0,0.0,0.0,0.0,35.3,29.4,35.3,3,4200.0,500,26.2,42.9
23,0.0,2.5,0.0,0.0,0.0,0.0,0.0,97.5,0.0,0.0,0.0,0.0,0.0,0.0,0.0,0.0,0.0,0.0,0.0,35.3,29.4,35.3,3,25000.0,600,45.1,41.5
24,0.0,2.8,0.0,0.0,0.0,0.0,0.0,97.2,0.0,0.0,0.0,0.0,0.0,0.0,0.0,0.0,0.0,0.0,0.0,35.3,29.4,35.3,3,4200.0,500,24.9,41.7
25,0.0,2.8,0.0,0.0,0.0,0.0,0.0,97.2,0.0,0.0,0.0,0.0,0.0,0.0,0.0,0.0,0.0,0.0,0.0,35.3,29.4,35.3,3,25000.0,600,42.6,43.5
26,0.0,1.5,0.0,0.0,0.0,0.0,0.0,98.5,0.0,0.0,0.0,0.0,0.0,0.0,0.0,0.0,0.0,0.0,0.0,35.3,29.4,35.3,2,25000.0,600,45.5,39.2
27,0.0,2.5,0.0,0.0,0.0,0.0,0.0,97.5,0.0,0.0,0.0,0.0,0.0,0.0,0.0,0.0,0.0,0.0,0.0,35.3,29.4,35.3,2,4200.0,500,25.2,38.4
28,0.0,2.5,0.0,0.0,0.0,0.0,0.0,97.5,0.0,0.0,0.0,0.0,0.0,0.0,0.0,0.0,0.0,0.0,0.0,35.3,29.4,35.3,2,25000.0,600,43.3,41.4
29,0.0,2.5,0.0,0.0,0.0,0.0,0.0,0.0,0.0,0.0,0.0,0.0,0.0,0.0,0.0,0.0,97.5,0.0,0.0,35.3,29.4,35.3,2,4200.0,500,24.9,36.3
30,0.0,2.5,0.0,0.0,0.0,0.0,0.0,0.0,0.0,0.0,0.0,0.0,0.0,0.0,0.0,0.0,97.5,0.0,0.0,35.3,29.4,35.3,2,25000.0,600,29.1,41.4
31,0.0,1.4,0.0,0.0,0.0,0.0,0.0,0.0,98.6,0.0,0.0,0.0,0.0,0.0,0.0,0.0,0.0,0.0,0.0,10.0,10.0,80.0,2,72000.0,550,20.0,76.0
32,0.0,1.4,0.0,0.0,0.0,0.0,0.0,0.0,98.6,0.0,0.0,0.0,0.0,0.0,0.0,0.0,0.0,0.0,0.0,10.0,10.0,80.0,2,72000.0,550,25.0,54.0
33,0.0,1.4,0.0,0.0,0.0,0.0,0.0,0.0,98.6,0.0,0.0,0.0,0.0,0.0,0.0,0.0,0.0,0.0,0.0,10.0,10.0,80.0,2,72000.0,550,30.0,43.0
34,0.0,2.8,0.0,0.0,0.0,0.0,0.0,0.0,97.2,0.0,0.0,0.0,0.0,0.0,0.0,0.0,0.0,0.0,0.0,10.0,10.0,80.0,2,72000.0,550,20.0,87.0
35,0.0,2.8,0.0,0.0,0.0,0.0,0.0,0.0,97.2,0.0,0.0,0.0,0.0,0.0,0.0,0.0,0.0,0.0,0.0,10.0,10.0,80.0,2,72000.0,550,25.0,83.0
36,0.0,2.8,0.0,0.0,0.0,0.0,0.0,0.0,97.2,0.0,0.0,0.0,0.0,0.0,0.0,0.0,0.0,0.0,0.0,10.0,10.0,80.0,2,72000.0,550,30.0,76.0
37,0.0,4.2,0.0,0.0,0.0,0.0,0.0,0.0,95.8,0.0,0.0,0.0,0.0,0.0,0.0,0.0,0.0,0.0,0.0,10.0,10.0,80.0,2,72000.0,550,20.0,94.0
38,0.0,4.2,0.0,0.0,0.0,0.0,0.0,0.0,95.8,0.0,0.0,0.0,0.0,0.0,0.0,0.0,0.0,0.0,0.0,10.0,10.0,80.0,2,72000.0,550,25.0,87.0
39,0.0,4.2,0.0,0.0,0.0,0.0,0.0,0.0,95.8,0.0,0.0,0.0,0.0,0.0,0.0,0.0,0.0,0.0,0.0,10.0,10.0,80.0,2,72000.0,550,30.0,84.0
40,0.0,5.6,0.0,0.0,0.0,0.0,0.0,0.0,94.4,0.0,0.0,0.0,0.0,0.0,0.0,0.0,0.0,0.0,0.0,10.0,10.0,80.0,2,72000.0,550,20.0,81.0
41,0.0,5.6,0.0,0.0,0.0,0.0,0.0,0.0,94.4,0.0,0.0,0.0,0.0,0.0,0.0,0.0,0.0,0.0,0.0,10.0,10.0,80.0,2,72000.0,550,25.0,74.0
42,0.0,5.6,0.0,0.0,0.0,0.0,0.0,0.0,94.4,0.0,0.0,0.0,0.0,0.0,0.0,0.0,0.0,0.0,0.0,10.0,10.0,80.0,2,72000.0,550,30.0,69.0
43,0.0,2.8,0.0,0.0,0.0,0.0,0.0,0.0,97.2,0.0,0.0,0.0,0.0,0.0,0.0,0.0,0.0,0.0,0.0,10.0,10.0,80.0,2,72000.0,550,20.0,87.0
44,0.0,2.8,0.0,0.0,0.0,0.0,0.0,0.0,97.2,0.0,0.0,0.0,0.0,0.0,0.0,0.0,0.0,0.0,0.0,10.0,10.0,80.0,2,72000.0,550,25.0,83.0
45,0.0,2.8,0.0,0.0,0.0,0.0,0.0,0.0,97.2,0.0,0.0,0.0,0.0,0.0,0.0,0.0,0.0,0.0,0.0,10.0,10.0,80.0,2,72000.0,550,30.0,78.0
46,0.0,2.8,0.0,0.0,0.0,0.0,0.0,97.2,0.0,0.0,0.0,0.0,0.0,0.0,0.0,0.0,0.0,0.0,0.0,10.0,10.0,80.0,2,72000.0,550,20.0,76.0
47,0.0,2.8,0.0,0.0,0.0,0.0,0.0,97.2,0.0,0.0,0.0,0.0,0.0,0.0,0.0,0.0,0.0,0.0,0.0,10.0,10.0,80.0,2,72000.0,550,25.0,66.0
48,0.0,2.8,0.0,0.0,0.0,0.0,0.0,97.2,0.0,0.0,0.0,0.0,0.0,0.0,0.0,0.0,0.0,0.0,0.0,10.0,10.0,80.0,2,72000.0,550,30.0,60.0
49,0.0,4.5,0.0,0.0,0.0,95.5,0.0,0.0,0.0,0.0,0.0,0.0,0.0,0.0,0.0,0.0,0.0,0.0,0.0,10.0,10.0,80.0,2,72000.0,550,20.0,62.0
50,0.0,4.5,0.0,0.0,0.0,95.5,0.0,0.0,0.0,0.0,0.0,0.0,0.0,0.0,0.0,0.0,0.0,0.0,0.0,10.0,10.0,80.0,2,72000.0,550,25.0,52.0
51,0.0,4.5,0.0,0.0,0.0,95.5,0.0,0.0,0.0,0.0,0.0,0.0,0.0,0.0,0.0,0.0,0.0,0.0,0.0,10.0,10.0,80.0,2,72000.0,550,30.0,48.0
52,0.0,1.8,0.0,0.0,0.0,0.0,0.0,0.0,0.0,0.0,0.0,0.0,0.0,0.0,0.0,0.0,98.2,0.0,0.0,10.0,10.0,80.0,2,72000.0,550,20.0,40.0
53,0.0,1.8,0.0,0.0,0.0,0.0,0.0,0.0,0.0,0.0,0.0,0.0,0.0,0.0,0.0,0.0,98.2,0.0,0.0,10.0,10.0,80.0,2,72000.0,550,25.0,34.0
54,0.0,1.8,0.0,0.0,0.0,0.0,0.0,0.0,0.0,0.0,0.0,0.0,0.0,0.0,0.0,0.0,98.2,0.0,0.0,10.0,10.0,80.0,2,72000.0,550,30.0,31.0
55,0.0,0.0,0.0,0.0,0.0,0.0,0.0,100.0,0.0,0.0,0.0,0.0,0.0,0.0,0.0,0.0,0.0,0.0,0.0,16.7,16.7,66.6,2,1677.0,600,9.3,22.6
56,0.0,1.0,0.0,0.0,0.0,0.0,0.0,99.0,0.0,0.0,0.0,0.0,0.0,0.0,0.0,0.0,0.0,0.0,0.0,16.7,16.7,66.6,2,1677.0,600,34.2,46.5
57,0.0,1.8,0.0,0.0,0.0,0.0,0.0,98.2,0.0,0.0,0.0,0.0,0.0,0.0,0.0,0.0,0.0,0.0,0.0,16.7,16.7,66.6,2,1677.0,600,37.4,53.1
58,0.0,2.8,0.0,0.0,0.0,0.0,0.0,97.2,0.0,0.0,0.0,0.0,0.0,0.0,0.0,0.0,0.0,0.0,0.0,16.7,16.7,66.6,2,1677.0,600,41.7,57.0
59,0.0,4.5,0.0,0.0,0.0,0.0,0.0,95.5,0.0,0.0,0.0,0.0,0.0,0.0,0.0,0.0,0.0,0.0,0.0,16.7,16.7,66.6,2,1677.0,600,34.5,52.0
60,0.0,9.0,0.0,0.0,0.0,0.0,0.0,91.0,0.0,0.0,0.0,0.0,0.0,0.0,0.0,0.0,0.0,0.0,0.0,16.7,16.7,66.6,2,1677.0,600,33.8,48.4
61,0.0,2.8,0.0,0.0,0.0,0.0,0.0,97.2,0.0,0.0,0.0,0.0,0.0,0.0,0.0,0.0,0.0,0.0,0.0,16.7,16.7,66.6,2,1677.0,600,30.6,57.5
62,0.0,2.8,0.0,0.0,0.0,0.0,0.0,97.2,0.0,0.0,0.0,0.0,0.0,0.0,0.0,0.0,0.0,0.0,0.0,16.7,16.7,66.6,2,1677.0,600,25.7,54.3
63,0.0,3.6,0.0,0.0,0.0,0.0,0.0,0.0,0.0,0.0,0.0,0.0,0.0,0.0,0.0,96.4,0.0,0.0,0.0,5.0,2.5,92.5,2,22828.986301369863,540,14.48269076305221,56.0
64,0.0,3.6,0.0,0.0,0.0,0.0,0.0,96.4,0.0,0.0,0.0,0.0,0.0,0.0,0.0,0.0,0.0,0.0,0.0,5.0,2.5,92.5,2,22828.986301369863,540,14.48269076305221,60.0
65,0.0,3.6,0.0,0.0,0.0,0.0,0.0,0.0,0.0,96.4,0.0,0.0,0.0,0.0,0.0,0.0,0.0,0.0,0.0,5.0,2.5,92.5,2,22828.986301369863,540,14.48269076305221,57.0
66,0.0,9.0,0.0,0.0,0.0,0.0,0.0,0.0,0.0,0.0,0.0,0.0,0.0,0.0,0.0,91.0,0.0,0.0,0.0,5.0,2.5,92.5,2,22828.986301369863,540,14.48269076305221,41.0
67,0.0,9.0,0.0,0.0,0.0,0.0,0.0,91.0,0.0,0.0,0.0,0.0,0.0,0.0,0.0,0.0,0.0,0.0,0.0,5.0,2.5,92.5,2,22828.986301369863,540,14.48269076305221,48.0
68,0.0,9.0,0.0,0.0,0.0,0.0,0.0,0.0,0.0,91.0,0.0,0.0,0.0,0.0,0.0,0.0,0.0,0.0,0.0,5.0,2.5,92.5,2,22828.986301369863,540,14.48269076305221,50.0
69,0.0,2.7,0.0,0.0,0.0,0.0,0.0,0.0,0.0,0.0,0.0,97.3,0.0,0.0,0.0,0.0,0.0,0.0,0.0,40.0,20.0,40.0,2,22828.986301369863,500,3.0,72.0
70,0.0,2.7,0.0,0.0,0.0,0.0,0.0,0.0,0.0,0.0,0.0,97.3,0.0,0.0,0.0,0.0,0.0,0.0,0.0,40.0,20.0,40.0,2,22828.986301369863,500,7.2,69.0
71,0.0,3.1,0.0,0.0,0.0,0.0,0.0,0.0,0.0,0.0,0.0,96.9,0.0,0.0,0.0,0.0,0.0,0.0,0.0,40.0,20.0,40.0,2,22828.986301369863,500,3.0,73.0
72,0.0,3.1,0.0,0.0,0.0,0.0,0.0,0.0,0.0,0.0,0.0,96.9,0.0,0.0,0.0,0.0,0.0,0.0,0.0,40.0,20.0,40.0,2,22828.986301369863,500,7.2,62.0
73,0.0,11.2,0.0,0.0,0.0,0.0,0.0,0.0,0.0,0.0,0.0,88.8,0.0,0.0,0.0,0.0,0.0,0.0,0.0,40.0,20.0,40.0,2,22828.986301369863,500,3.5,26.0
74,0.0,11.2,0.0,0.0,0.0,0.0,0.0,0.0,0.0,0.0,0.0,88.8,0.0,0.0,0.0,0.0,0.0,0.0,0.0,40.0,20.0,40.0,2,22828.986301369863,500,7.2,13.0
75,0.0,1.5,0.0,0.0,0.0,0.0,98.5,0.0,0.0,0.0,0.0,0.0,0.0,0.0,0.0,0.0,0.0,0.0,0.0,4.7,4.7,90.6,2,22828.986301369863,400,5.6,43.9
76,0.0,2.5,0.0,0.0,0.0,0.0,97.5,0.0,0.0,0.0,0.0,0.0,0.0,0.0,0.0,0.0,0.0,0.0,0.0,4.7,4.7,90.6,2,22828.986301369863,400,7.1,35.9
77,0.0,5.0,0.0,0.0,0.0,0.0,95.0,0.0,0.0,0.0,0.0,0.0,0.0,0.0,0.0,0.0,0.0,0.0,0.0,4.7,4.7,90.6,2,22828.986301369863,400,13.8,38.7
78,0.0,10.0,0.0,0.0,0.0,0.0,90.0,0.0,0.0,0.0,0.0,0.0,0.0,0.0,0.0,0.0,0.0,0.0,0.0,4.7,4.7,90.6,2,22828.986301369863,400,3.3,51.2
79,0.0,1.5,0.0,0.0,0.0,0.0,0.0,0.0,0.0,0.0,0.0,0.0,0.0,0.0,0.0,0.0,0.0,98.5,0.0,4.7,4.7,90.6,2,22828.986301369863,400,12.3,29.4
80,0.0,2.5,0.0,0.0,0.0,0.0,0.0,0.0,0.0,0.0,0.0,0.0,0.0,0.0,0.0,0.0,0.0,97.5,0.0,4.7,4.7,90.6,2,22828.986301369863,400,21.2,19.9
81,0.0,5.0,0.0,0.0,0.0,0.0,0.0,0.0,0.0,0.0,0.0,0.0,0.0,0.0,0.0,0.0,0.0,95.0,0.0,4.7,4.7,90.6,2,22828.986301369863,400,27.1,17.5
82,0.0,10.0,0.0,0.0,0.0,0.0,0.0,0.0,0.0,0.0,0.0,0.0,0.0,0.0,0.0,0.0,0.0,90.0,0.0,4.7,4.7,90.6,2,22828.986301369863,400,27.6,13.6
83,0.0,1.0,0.0,0.0,0.0,0.0,0.0,0.0,0.0,0.0,0.0,0.0,0.0,0.0,0.0,0.0,0.0,99.0,0.0,13.3,6.7,80.0,2,22828.986301369863,380,2.0,66.0
84,0.0,1.0,0.0,0.0,0.0,0.0,0.0,0.0,0.0,0.0,0.0,0.0,0.0,0.0,0.0,0.0,0.0,99.0,0.0,13.3,6.7,80.0,2,22828.986301369863,380,2.3,64.0
85,0.0,1.0,0.0,0.0,0.0,0.0,0.0,0.0,0.0,0.0,0.0,0.0,0.0,0.0,0.0,0.0,0.0,99.0,0.0,13.3,6.7,80.0,2,22828.986301369863,380,3.2,60.0
86,0.0,2.0,0.0,0.0,0.0,0.0,0.0,0.0,0.0,0.0,0.0,0.0,0.0,0.0,0.0,0.0,0.0,98.0,0.0,13.3,6.7,80.0,2,22828.986301369863,380,2.3,73.0
87,0.0,2.0,0.0,0.0,0.0,0.0,0.0,0.0,0.0,0.0,0.0,0.0,0.0,0.0,0.0,0.0,0.0,98.0,0.0,13.3,6.7,80.0,2,22828.986301369863,380,2.95,69.0
88,0.0,2.0,0.0,0.0,0.0,0.0,0.0,0.0,0.0,0.0,0.0,0.0,0.0,0.0,0.0,0.0,0.0,98.0,0.0,13.3,6.7,80.0,2,22828.986301369863,380,4.1,62.0
89,0.0,3.0,0.0,0.0,0.0,0.0,0.0,0.0,0.0,0.0,0.0,0.0,0.0,0.0,0.0,0.0,0.0,97.0,0.0,13.3,6.7,80.0,2,22828.986301369863,380,1.95,82.5
90,0.0,3.0,0.0,0.0,0.0,0.0,0.0,0.0,0.0,0.0,0.0,0.0,0.0,0.0,0.0,0.0,0.0,97.0,0.0,13.3,6.7,80.0,2,22828.986301369863,380,2.5,77.0
91,0.0,3.0,0.0,0.0,0.0,0.0,0.0,0.0,0.0,0.0,0.0,0.0,0.0,0.0,0.0,0.0,0.0,97.0,0.0,13.3,6.7,80.0,2,22828.986301369863,380,3.8,70.5
92,0.0,10.0,0.0,0.0,0.0,0.0,0.0,0.0,0.0,0.0,0.0,0.0,0.0,0.0,90.0,0.0,0.0,0.0,0.0,13.3,6.7,80.0,2,22828.986301369863,380,1.2,85.0
93,0.0,10.0,0.0,0.0,0.0,0.0,0.0,0.0,0.0,0.0,0.0,0.0,0.0,0.0,90.0,0.0,0.0,0.0,0.0,13.3,6.7,80.0,2,22828.986301369863,380,2.25,80.0
94,0.0,10.0,0.0,0.0,0.0,0.0,0.0,0.0,0.0,0.0,0.0,0.0,0.0,0.0,90.0,0.0,0.0,0.0,0.0,13.3,6.7,80.0,2,22828.986301369863,380,3.7,72.0
95,0.0,7.0,0.0,0.0,0.0,0.0,0.0,0.0,0.0,0.0,0.0,0.0,0.0,93.0,0.0,0.0,0.0,0.0,0.0,13.3,6.7,80.0,2,22828.986301369863,380,2.0,73.0
96,0.0,7.0,0.0,0.0,0.0,0.0,0.0,0.0,0.0,0.0,0.0,0.0,0.0,93.0,0.0,0.0,0.0,0.0,0.0,13.3,6.7,80.0,2,22828.986301369863,380,2.75,67.0
97,0.0,7.0,0.0,0.0,0.0,0.0,0.0,0.0,0.0,0.0,0.0,0.0,0.0,93.0,0.0,0.0,0.0,0.0,0.0,13.3,6.7,80.0,2,22828.986301369863,380,3.45,62.5
98,0.0,5.0,0.0,0.0,0.0,0.0,0.0,0.0,0.0,0.0,0.0,0.0,0.0,0.0,0.0,0.0,95.0,0.0,0.0,16.66,8.33,75.0,2,22828.986301369863,500,3.3,72.0
99,0.0,4.8,0.0,0.0,0.0,0.0,0.0,0.0,0.0,0.0,0.0,0.0,0.0,0.0,95.2,0.0,0.0,0.0,0.0,16.66,8.33,75.0,2,22828.986301369863,500,3.2,73.0
100,0.0,4.7,0.0,0.0,0.0,0.0,0.0,0.0,0.0,0.0,95.3,0.0,0.0,0.0,0.0,0.0,0.0,0.0,0.0,16.66,8.33,75.0,2,22828.986301369863,500,4.2,31.0
101,0.0,5.0,0.0,0.0,0.0,0.0,0.0,0.0,0.0,0.0,0.0,0.0,0.0,0.0,0.0,0.0,0.0,95.0,0.0,16.66,8.33,75.0,2,22828.986301369863,500,5.1,30.0
102,0.0,5.3,0.0,0.0,0.0,0.0,94.7,0.0,0.0,0.0,0.0,0.0,0.0,0.0,0.0,0.0,0.0,0.0,0.0,16.66,8.33,75.0,2,22828.986301369863,500,2.5,46.0
103,0.0,0.0,0.0,0.0,0.0,0.0,0.0,0.0,0.0,0.0,100.0,0.0,0.0,0.0,0.0,0.0,0.0,0.0,0.0,12.5,12.5,85.0,2,22828.986301369863,500,1.5,11.4
104,0.0,0.0,0.0,0.0,0.0,0.0,0.0,0.0,0.0,0.0,0.0,0.0,0.0,0.0,100.0,0.0,0.0,0.0,0.0,12.5,12.5,85.0,2,22828.986301369863,500,2.5,41.2
105,0.0,0.0,0.0,0.0,0.0,0.0,0.0,0.0,0.0,0.0,0.0,0.0,0.0,0.0,0.0,0.0,0.0,100.0,0.0,12.5,12.5,85.0,2,22828.986301369863,500,6.9,45.4
106,0.0,0.0,0.0,0.0,0.0,0.0,100.0,0.0,0.0,0.0,0.0,0.0,0.0,0.0,0.0,0.0,0.0,0.0,0.0,12.5,12.5,85.0,2,22828.986301369863,500,4.5,10.1
107,0.0,3.85,0.0,0.0,0.0,0.0,0.0,0.0,0.0,0.0,96.15,0.0,0.0,0.0,0.0,0.0,0.0,0.0,0.0,12.5,12.5,85.0,2,22828.986301369863,500,12.9,33.2
108,0.0,3.85,0.0,0.0,0.0,0.0,0.0,0.0,0.0,0.0,96.15,0.0,0.0,0.0,0.0,0.0,0.0,0.0,0.0,12.5,12.5,85.0,2,22828.986301369863,550,25.6,24.8
109,0.0,4.0,0.0,0.0,0.0,0.0,0.0,0.0,0.0,0.0,0.0,0.0,0.0,0.0,96.0,0.0,0.0,0.0,0.0,12.5,12.5,85.0,2,22828.986301369863,450,7.97,59.5
110,0.0,4.0,0.0,0.0,0.0,0.0,0.0,0.0,0.0,0.0,0.0,0.0,0.0,0.0,96.0,0.0,0.0,0.0,0.0,12.5,12.5,85.0,2,22828.986301369863,500,20.3,39.8
111,0.0,3.87,0.0,0.0,0.0,0.0,0.0,0.0,0.0,0.0,0.0,0.0,0.0,0.0,0.0,0.0,0.0,96.13,0.0,12.5,12.5,85.0,2,22828.986301369863,450,16.9,35.0
112,0.0,3.87,0.0,0.0,0.0,0.0,0.0,0.0,0.0,0.0,0.0,0.0,0.0,0.0,0.0,0.0,0.0,96.13,0.0,12.5,12.5,85.0,2,22828.986301369863,500,30.4,22.8
113,0.0,3.96,0.0,0.0,0.0,0.0,96.04,0.0,0.0,0.0,0.0,0.0,0.0,0.0,0.0,0.0,0.0,0.0,0.0,12.5,12.5,85.0,2,22828.986301369863,450,26.2,20.3
114,0.0,3.96,0.0,0.0,0.0,0.0,96.04,0.0,0.0,0.0,0.0,0.0,0.0,0.0,0.0,0.0,0.0,0.0,0.0,12.5,12.5,85.0,2,22828.986301369863,500,33.1,17.1
115,0.0,4.0,0.0,0.0,0.0,0.0,0.0,0.0,0.0,0.0,0.0,0.0,0.0,0.0,96.0,0.0,0.0,0.0,0.0,12.5,12.5,85.0,2,22828.986301369863,450,13.7,49.7
116,0.0,4.0,0.0,0.0,0.0,0.0,0.0,0.0,0.0,0.0,0.0,0.0,0.0,0.0,96.0,0.0,0.0,0.0,0.0,12.5,12.5,85.0,2,22828.986301369863,500,30.8,28.8
117,0.0,4.05,0.165,0.0,0.0,0.0,0.0,0.0,0.0,0.0,0.0,0.0,0.0,0.0,95.785,0.0,0.0,0.0,0.0,12.5,12.5,85.0,2,22828.986301369863,450,7.5,73.7
118,0.0,4.05,0.165,0.0,0.0,0.0,0.0,0.0,0.0,0.0,0.0,0.0,0.0,0.0,95.785,0.0,0.0,0.0,0.0,12.5,12.5,85.0,2,22828.986301369863,500,23.9,49.6
119,0.32,4.13,0.0,0.0,0.0,0.0,0.0,0.0,0.0,0.0,0.0,0.0,0.0,0.0,95.55000000000001,0.0,0.0,0.0,0.0,12.5,12.5,85.0,2,22828.986301369863,450,6.2,77.3
120,0.32,4.13,0.0,0.0,0.0,0.0,0.0,0.0,0.0,0.0,0.0,0.0,0.0,0.0,95.55000000000001,0.0,0.0,0.0,0.0,12.5,12.5,85.0,2,22828.986301369863,500,20.2,50.7
121,0.0,4.1,0.0,0.5,0.0,0.0,0.0,0.0,0.0,0.0,0.0,0.0,0.0,0.0,95.4,0.0,0.0,0.0,0.0,12.5,12.5,85.0,2,22828.986301369863,450,5.7,80.2
122,0.0,4.1,0.0,0.5,0.0,0.0,0.0,0.0,0.0,0.0,0.0,0.0,0.0,0.0,95.4,0.0,0.0,0.0,0.0,12.5,12.5,85.0,2,22828.986301369863,500,16.9,57.2
123,0.0,0.0,0.0,0.0,5.0,0.0,0.0,0.0,0.0,0.0,0.0,0.0,0.0,0.0,0.0,0.0,0.0,95.0,0.0,4.7,4.7,90.6,2,22828.986301369863,500,5.0,30.0
124,0.0,0.0,0.0,0.0,5.0,0.0,0.0,0.0,0.0,0.0,0.0,0.0,0.0,0.0,0.0,0.0,0.0,95.0,0.0,4.7,4.7,90.6,2,22828.986301369863,500,10.0,21.0
125,0.0,0.0,0.0,0.0,5.0,0.0,0.0,0.0,0.0,0.0,0.0,0.0,0.0,0.0,0.0,0.0,0.0,95.0,0.0,4.7,4.7,90.6,2,22828.986301369863,500,20.0,12.0
126,0.0,5.0,0.0,0.0,0.0,0.0,0.0,0.0,0.0,0.0,0.0,0.0,0.0,0.0,0.0,0.0,0.0,95.0,0.0,4.7,4.7,90.6,2,22828.986301369863,500,10.0,42.0
127,0.0,5.0,0.0,0.0,0.0,0.0,0.0,0.0,0.0,0.0,0.0,0.0,0.0,0.0,0.0,0.0,0.0,95.0,0.0,4.7,4.7,90.6,2,22828.986301369863,500,15.0,40.0
128,0.0,5.0,0.0,0.0,0.0,0.0,0.0,0.0,0.0,0.0,0.0,0.0,0.0,0.0,0.0,0.0,0.0,95.0,0.0,4.7,4.7,90.6,2,22828.986301369863,500,20.0,30.0
129,0.0,0.0,0.0,0.0,15.0,0.0,0.0,0.0,0.0,0.0,0.0,0.0,0.0,0.0,85.0,0.0,0.0,0.0,0.0,4.7,4.7,90.6,2,22828.986301369863,500,5.0,74.0
130,0.0,0.0,0.0,0.0,15.0,0.0,0.0,0.0,0.0,0.0,0.0,0.0,0.0,0.0,85.0,0.0,0.0,0.0,0.0,4.7,4.7,90.6,2,22828.986301369863,500,10.0,52.0
131,0.0,0.0,0.0,0.0,15.0,0.0,0.0,0.0,0.0,0.0,0.0,0.0,0.0,0.0,85.0,0.0,0.0,0.0,0.0,4.7,4.7,90.6,2,22828.986301369863,500,19.0,39.0
132,0.0,14.0,0.0,0.0,0.0,0.0,0.0,0.0,0.0,0.0,0.0,0.0,0.0,0.0,86.0,0.0,0.0,0.0,0.0,4.7,4.7,90.6,2,22828.986301369863,500,5.0,33.0
133,0.0,14.0,0.0,0.0,0.0,0.0,0.0,0.0,0.0,0.0,0.0,0.0,0.0,0.0,86.0,0.0,0.0,0.0,0.0,4.7,4.7,90.6,2,22828.986301369863,500,15.0,20.0
134,0.0,14.0,0.0,0.0,0.0,0.0,0.0,0.0,0.0,0.0,0.0,0.0,0.0,0.0,86.0,0.0,0.0,0.0,0.0,4.7,4.7,90.6,2,22828.986301369863,500,20.0,15.0
135,0.0,4.7,0.0,0.0,0.0,0.0,0.0,0.0,0.0,0.0,95.3,0.0,0.0,0.0,0.0,0.0,0.0,0.0,0.0,16.66,8.33,75.0,2,22828.986301369863,500,4.3,31.0
136,0.0,0.0,0.0,0.0,0.0,0.0,0.0,0.0,0.0,0.0,0.0,0.0,0.0,0.0,100.0,0.0,0.0,0.0,0.0,16.66,8.33,75.0,2,22828.986301369863,500,3.4,35.0
137,0.0,4.8,0.0,0.0,0.0,0.0,0.0,0.0,0.0,0.0,0.0,0.0,0.0,0.0,95.2,0.0,0.0,0.0,0.0,16.66,8.33,75.0,2,22828.986301369863,500,21.8,73.0
138,0.0,0.0,0.0,0.0,0.0,0.0,0.0,0.0,0.0,0.0,0.0,0.0,0.0,0.0,0.0,0.0,0.0,100.0,0.0,16.66,8.33,75.0,2,22828.986301369863,500,10.1,54.0
139,0.0,5.0,0.0,0.0,0.0,0.0,0.0,0.0,0.0,0.0,0.0,0.0,0.0,0.0,0.0,0.0,0.0,95.0,0.0,16.66,8.33,75.0,2,22828.986301369863,500,69.5,30.0
140,0.0,0.0,0.0,0.0,0.0,0.0,100.0,0.0,0.0,0.0,0.0,0.0,0.0,0.0,0.0,0.0,0.0,0.0,0.0,16.66,8.33,75.0,2,22828.986301369863,500,2.5,19.0
141,0.0,5.3,0.0,0.0,0.0,0.0,94.7,0.0,0.0,0.0,0.0,0.0,0.0,0.0,0.0,0.0,0.0,0.0,0.0,16.66,8.33,75.0,2,22828.986301369863,500,34.1,46.0
142,0.0,0.0,0.0,0.0,0.0,0.0,0.0,0.0,0.0,0.0,0.0,0.0,0.0,0.0,0.0,0.0,100.0,0.0,0.0,16.66,8.33,75.0,2,22828.986301369863,500,0.5,38.0
143,0.0,5.0,0.0,0.0,0.0,0.0,0.0,0.0,0.0,0.0,0.0,0.0,0.0,0.0,0.0,0.0,95.0,0.0,0.0,16.66,8.33,75.0,2,22828.986301369863,500,3.3,72.0
144,0.0,2.1,0.0,0.0,0.0,0.0,0.0,0.0,0.0,0.0,0.0,0.0,0.0,0.0,97.9,0.0,0.0,0.0,0.0,29.1,14.5,56.4,2,6600.0,400,3.0,81.0
145,0.0,2.1,0.0,0.0,0.0,0.0,0.0,0.0,0.0,0.0,0.0,0.0,0.0,0.0,97.9,0.0,0.0,0.0,0.0,29.1,14.5,56.4,2,6600.0,400,15.0,49.0
146,0.0,1.6,0.0,0.0,0.0,0.0,0.0,0.0,0.0,0.0,0.0,0.0,0.0,0.0,0.0,0.0,0.0,98.4,0.0,29.1,14.5,56.4,2,6600.0,400,1.5,82.0
147,0.0,1.6,0.0,0.0,0.0,0.0,0.0,0.0,0.0,0.0,0.0,0.0,0.0,0.0,0.0,0.0,0.0,98.4,0.0,29.1,14.5,56.4,2,6600.0,400,7.0,48.0
148,0.0,1.4,0.0,0.0,0.0,0.0,0.0,0.0,0.0,0.0,0.0,0.0,98.6,0.0,0.0,0.0,0.0,0.0,0.0,29.1,14.5,56.4,2,6600.0,400,2.1,68.0
149,0.0,1.4,0.0,0.0,0.0,0.0,0.0,0.0,0.0,0.0,0.0,0.0,98.6,0.0,0.0,0.0,0.0,0.0,0.0,29.1,14.5,56.4,2,6600.0,400,7.0,42.0
150,0.0,0.6,0.0,0.0,0.0,0.0,0.0,0.0,0.0,0.0,0.0,0.0,0.0,0.0,0.0,0.0,99.4,0.0,0.0,29.1,14.5,56.4,2,6600.0,400,1.0,74.0
151,0.0,0.6,0.0,0.0,0.0,0.0,0.0,0.0,0.0,0.0,0.0,0.0,0.0,0.0,0.0,0.0,99.4,0.0,0.0,29.1,14.5,56.4,2,6600.0,400,2.0,54.0
152,0.0,1.6,0.0,0.0,0.0,0.0,98.4,0.0,0.0,0.0,0.0,0.0,0.0,0.0,0.0,0.0,0.0,0.0,0.0,29.1,14.5,56.4,2,6600.0,400,1.4,42.0
153,0.0,1.6,0.0,0.0,0.0,0.0,98.4,0.0,0.0,0.0,0.0,0.0,0.0,0.0,0.0,0.0,0.0,0.0,0.0,29.1,14.5,56.4,2,6600.0,400,7.3,28.0
154,0.0,0.6,0.0,0.0,0.0,0.0,0.0,0.0,0.0,0.0,0.0,0.0,0.0,0.0,0.0,0.0,99.4,0.0,0.0,29.1,14.5,56.4,2,6600.0,500,0.5,71.0
155,0.0,0.6,0.0,0.0,0.0,0.0,0.0,0.0,0.0,0.0,0.0,0.0,0.0,0.0,0.0,0.0,99.4,0.0,0.0,29.1,14.5,56.4,2,6600.0,500,2.0,48.0
156,0.0,0.6,0.0,0.0,0.0,0.0,0.0,0.0,0.0,0.0,0.0,0.0,0.0,0.0,0.0,0.0,99.4,0.0,0.0,29.1,14.5,56.4,2,6600.0,480,0.5,70.0
157,0.0,0.6,0.0,0.0,0.0,0.0,0.0,0.0,0.0,0.0,0.0,0.0,0.0,0.0,0.0,0.0,99.4,0.0,0.0,29.1,14.5,56.4,2,6600.0,480,1.4,49.0
158,0.0,0.6,0.0,0.0,0.0,0.0,0.0,0.0,0.0,0.0,0.0,0.0,0.0,0.0,0.0,0.0,99.4,0.0,0.0,29.1,14.5,56.4,2,6600.0,450,0.2,63.0
159,0.0,0.6,0.0,0.0,0.0,0.0,0.0,0.0,0.0,0.0,0.0,0.0,0.0,0.0,0.0,0.0,99.4,0.0,0.0,29.1,14.5,56.4,2,6600.0,450,0.5,40.0
160,0.0,1.6,0.0,0.0,0.0,0.0,0.0,0.0,0.0,0.0,0.0,0.0,0.0,0.0,0.0,0.0,0.0,98.4,0.0,29.1,14.5,56.4,2,6600.0,350,3.0,68.0
161,0.0,1.6,0.0,0.0,0.0,0.0,0.0,0.0,0.0,0.0,0.0,0.0,0.0,0.0,0.0,0.0,0.0,98.4,0.0,29.1,14.5,56.4,2,6600.0,350,15.0,31.0
162,0.0,1.6,0.0,0.0,0.0,0.0,0.0,0.0,0.0,0.0,0.0,0.0,0.0,0.0,0.0,0.0,0.0,98.4,0.0,29.1,14.5,56.4,2,6600.0,285,2.5,72.0
163,0.0,1.6,0.0,0.0,0.0,0.0,0.0,0.0,0.0,0.0,0.0,0.0,0.0,0.0,0.0,0.0,0.0,98.4,0.0,29.1,14.5,56.4,2,6600.0,285,10.0,28.0
164,0.0,1.6,0.0,0.0,0.0,0.0,0.0,0.0,0.0,0.0,0.0,0.0,0.0,0.0,0.0,0.0,0.0,98.4,0.0,29.1,14.5,56.4,2,6600.0,250,2.0,67.0
165,0.0,1.6,0.0,0.0,0.0,0.0,0.0,0.0,0.0,0.0,0.0,0.0,0.0,0.0,0.0,0.0,0.0,98.4,0.0,29.1,14.5,56.4,2,6600.0,250,5.0,31.0
166,0.0,1.6,0.0,0.0,0.0,0.0,98.4,0.0,0.0,0.0,0.0,0.0,0.0,0.0,0.0,0.0,0.0,0.0,0.0,29.1,14.5,56.4,2,6600.0,400,2.0,43.0
167,0.0,1.6,0.0,0.0,0.0,0.0,98.4,0.0,0.0,0.0,0.0,0.0,0.0,0.0,0.0,0.0,0.0,0.0,0.0,29.1,14.5,56.4,2,6600.0,400,13.0,20.0
168,0.0,1.6,0.0,0.0,0.0,0.0,98.4,0.0,0.0,0.0,0.0,0.0,0.0,0.0,0.0,0.0,0.0,0.0,0.0,29.1,14.5,56.4,2,6600.0,350,2.0,35.0
169,0.0,1.6,0.0,0.0,0.0,0.0,98.4,0.0,0.0,0.0,0.0,0.0,0.0,0.0,0.0,0.0,0.0,0.0,0.0,29.1,14.5,56.4,2,6600.0,350,8.5,23.0
170,0.0,1.6,0.0,0.0,0.0,0.0,98.4,0.0,0.0,0.0,0.0,0.0,0.0,0.0,0.0,0.0,0.0,0.0,0.0,29.1,14.5,56.4,2,6600.0,300,2.5,25.0
171,0.0,1.6,0.0,0.0,0.0,0.0,98.4,0.0,0.0,0.0,0.0,0.0,0.0,0.0,0.0,0.0,0.0,0.0,0.0,29.1,14.5,56.4,2,6600.0,300,5.0,19.0
172,0.0,1.4,0.0,0.0,0.0,0.0,0.0,0.0,0.0,0.0,0.0,0.0,98.6,0.0,0.0,0.0,0.0,0.0,0.0,29.1,14.5,56.4,2,6600.0,400,2.5,57.0
173,0.0,1.4,0.0,0.0,0.0,0.0,0.0,0.0,0.0,0.0,0.0,0.0,98.6,0.0,0.0,0.0,0.0,0.0,0.0,29.1,14.5,56.4,2,6600.0,400,6.8,43.0
174,0.0,1.4,0.0,0.0,0.0,0.0,0.0,0.0,0.0,0.0,0.0,0.0,98.6,0.0,0.0,0.0,0.0,0.0,0.0,29.1,14.5,56.4,2,6600.0,375,2.5,52.0
175,0.0,1.4,0.0,0.0,0.0,0.0,0.0,0.0,0.0,0.0,0.0,0.0,98.6,0.0,0.0,0.0,0.0,0.0,0.0,29.1,14.5,56.4,2,6600.0,375,7.5,32.0
176,0.0,1.4,0.0,0.0,0.0,0.0,0.0,0.0,0.0,0.0,0.0,0.0,98.6,0.0,0.0,0.0,0.0,0.0,0.0,29.1,14.5,56.4,2,6600.0,350,1.0,58.0
177,0.0,1.4,0.0,0.0,0.0,0.0,0.0,0.0,0.0,0.0,0.0,0.0,98.6,0.0,0.0,0.0,0.0,0.0,0.0,29.1,14.5,56.4,2,6600.0,350,5.0,38.0
178,0.0,2.1,0.0,0.0,0.0,0.0,0.0,0.0,0.0,0.0,0.0,0.0,0.0,0.0,97.9,0.0,0.0,0.0,0.0,29.1,14.5,56.4,2,6600.0,500,2.5,86.0
179,0.0,2.1,0.0,0.0,0.0,0.0,0.0,0.0,0.0,0.0,0.0,0.0,0.0,0.0,97.9,0.0,0.0,0.0,0.0,29.1,14.5,56.4,2,6600.0,500,15.0,58.0
180,0.0,2.1,0.0,0.0,0.0,0.0,0.0,0.0,0.0,0.0,0.0,0.0,0.0,0.0,97.9,0.0,0.0,0.0,0.0,29.1,14.5,56.4,2,6600.0,450,5.0,76.0
181,0.0,2.1,0.0,0.0,0.0,0.0,0.0,0.0,0.0,0.0,0.0,0.0,0.0,0.0,97.9,0.0,0.0,0.0,0.0,29.1,14.5,56.4,2,6600.0,450,10.0,62.0
182,0.0,2.1,0.0,0.0,0.0,0.0,0.0,0.0,0.0,0.0,0.0,0.0,0.0,0.0,97.9,0.0,0.0,0.0,0.0,29.1,14.5,56.4,2,6600.0,400,5.0,70.0
183,0.0,2.1,0.0,0.0,0.0,0.0,0.0,0.0,0.0,0.0,0.0,0.0,0.0,0.0,97.9,0.0,0.0,0.0,0.0,29.1,14.5,56.4,2,6600.0,400,15.0,48.0
184,0.0,10.0,0.0,0.0,0.0,0.0,0.0,0.0,0.0,0.0,0.0,0.0,0.0,0.0,90.0,0.0,0.0,0.0,0.0,17.36,17.36,65.28,2,22828.986301369863,420,7.94,24.6
185,0.0,10.0,0.0,0.0,0.0,0.0,0.0,0.0,0.0,0.0,0.0,0.0,0.0,0.0,90.0,0.0,0.0,0.0,0.0,17.36,17.36,65.28,2,22828.986301369863,440,14.69,18.0
186,0.0,10.0,0.0,0.0,0.0,0.0,0.0,0.0,0.0,0.0,0.0,0.0,0.0,0.0,90.0,0.0,0.0,0.0,0.0,17.36,17.36,65.28,2,22828.986301369863,460,17.34,20.3
187,0.0,10.0,0.0,0.0,0.0,0.0,0.0,0.0,0.0,0.0,0.0,0.0,0.0,0.0,90.0,0.0,0.0,0.0,0.0,29.58,14.59,55.83,2,22828.986301369863,420,6.69,23.7
188,0.0,10.0,0.0,0.0,0.0,0.0,0.0,0.0,0.0,0.0,0.0,0.0,0.0,0.0,90.0,0.0,0.0,0.0,0.0,29.58,14.79,55.63,2,22828.986301369863,440,6.93,36.1
189,0.0,10.0,0.0,0.0,0.0,0.0,0.0,0.0,0.0,0.0,0.0,0.0,0.0,0.0,90.0,0.0,0.0,0.0,0.0,38.65,12.88,48.47,2,22828.986301369863,420,2.01,79.5
190,0.0,10.0,0.0,0.0,0.0,0.0,0.0,0.0,0.0,0.0,0.0,0.0,0.0,0.0,90.0,0.0,0.0,0.0,0.0,38.65,12.88,48.47,2,22828.986301369863,440,2.61,85.1
191,0.0,10.0,0.0,0.0,0.0,0.0,0.0,0.0,0.0,0.0,0.0,0.0,0.0,0.0,90.0,0.0,0.0,0.0,0.0,38.65,12.88,48.47,2,22828.986301369863,460,3.83,72.3
192,0.0,4.0,0.0,0.0,0.0,0.0,0.0,0.0,0.0,0.0,0.0,0.0,0.0,0.0,96.0,0.0,0.0,0.0,0.0,17.36,17.36,65.28,2,22828.986301369863,360,3.97,27.5
193,0.0,4.0,0.0,0.0,0.0,0.0,0.0,0.0,0.0,0.0,0.0,0.0,0.0,0.0,96.0,0.0,0.0,0.0,0.0,17.36,17.36,65.28,2,22828.986301369863,380,6.28,18.35
194,0.0,4.0,0.0,0.0,0.0,0.0,0.0,0.0,0.0,0.0,0.0,0.0,0.0,0.0,96.0,0.0,0.0,0.0,0.0,17.36,17.36,65.28,2,22828.986301369863,400,7.26,35.7
195,0.0,4.0,0.0,0.0,0.0,0.0,0.0,0.0,0.0,0.0,0.0,0.0,0.0,0.0,96.0,0.0,0.0,0.0,0.0,17.36,17.36,65.28,2,22828.986301369863,420,12.1,25.7
196,0.0,4.0,0.0,0.0,0.0,0.0,0.0,0.0,0.0,0.0,0.0,0.0,0.0,0.0,96.0,0.0,0.0,0.0,0.0,17.36,17.36,65.28,2,22828.986301369863,440,15.9,23.8
197,0.0,4.0,0.0,0.0,0.0,0.0,0.0,0.0,0.0,0.0,0.0,0.0,0.0,0.0,96.0,0.0,0.0,0.0,0.0,29.58,14.59,55.83,2,22828.986301369863,360,3.41,27.7
198,0.0,4.0,0.0,0.0,0.0,0.0,0.0,0.0,0.0,0.0,0.0,0.0,0.0,0.0,96.0,0.0,0.0,0.0,0.0,29.58,14.59,55.83,2,22828.986301369863,380,3.75,39.6
199,0.0,4.0,0.0,0.0,0.0,0.0,0.0,0.0,0.0,0.0,0.0,0.0,0.0,0.0,96.0,0.0,0.0,0.0,0.0,29.58,14.59,55.83,2,22828.986301369863,400,4.87,43.1
200,0.0,4.0,0.0,0.0,0.0,0.0,0.0,0.0,0.0,0.0,0.0,0.0,0.0,0.0,96.0,0.0,0.0,0.0,0.0,29.58,14.59,55.83,2,22828.986301369863,420,7.91,38.0
201,0.0,4.0,0.0,0.0,0.0,0.0,0.0,0.0,0.0,0.0,0.0,0.0,0.0,0.0,96.0,0.0,0.0,0.0,0.0,29.58,14.59,55.83,2,22828.986301369863,440,11.39,32.0
202,0.0,4.0,0.0,0.0,0.0,0.0,0.0,0.0,0.0,0.0,0.0,0.0,0.0,0.0,96.0,0.0,0.0,0.0,0.0,38.65,12.88,48.47,2,22828.986301369863,360,0.31,83.3
203,0.0,4.0,0.0,0.0,0.0,0.0,0.0,0.0,0.0,0.0,0.0,0.0,0.0,0.0,96.0,0.0,0.0,0.0,0.0,38.65,12.88,48.47,2,22828.986301369863,380,1.99,72.7
204,0.0,4.0,0.0,0.0,0.0,0.0,0.0,0.0,0.0,0.0,0.0,0.0,0.0,0.0,96.0,0.0,0.0,0.0,0.0,38.65,12.88,48.47,2,22828.986301369863,400,3.29,66.1
205,0.0,0.0,0.0,0.0,0.0,0.0,0.0,0.0,0.0,0.0,0.0,0.0,0.0,0.0,0.0,0.0,100.0,0.0,0.0,20.0,10.0,70.0,1,1700.0,475,14.48269076305221,47.0
206,0.0,0.0,0.0,0.0,0.0,0.0,0.0,0.0,0.0,0.0,0.0,0.0,0.0,0.0,0.0,0.0,100.0,0.0,0.0,20.0,10.0,70.0,1,1700.0,500,14.48269076305221,37.0
207,0.0,0.0,0.0,0.0,0.0,0.0,0.0,0.0,0.0,0.0,0.0,0.0,0.0,0.0,0.0,0.0,100.0,0.0,0.0,20.0,10.0,70.0,1,1700.0,525,14.48269076305221,36.8
208,0.0,5.3,0.0,0.0,0.0,0.0,0.0,0.0,0.0,0.0,0.0,0.0,0.0,0.0,0.0,0.0,94.7,0.0,0.0,20.0,10.0,70.0,2,1700.0,450,14.48269076305221,66.0
209,0.0,5.3,0.0,0.0,0.0,0.0,0.0,0.0,0.0,0.0,0.0,0.0,0.0,0.0,0.0,0.0,94.7,0.0,0.0,20.0,10.0,70.0,2,1700.0,475,14.48269076305221,63.1
210,0.0,5.3,0.0,0.0,0.0,0.0,0.0,0.0,0.0,0.0,0.0,0.0,0.0,0.0,0.0,0.0,94.7,0.0,0.0,20.0,10.0,70.0,2,1700.0,500,14.48269076305221,60.0
211,0.0,5.3,0.0,0.0,0.0,0.0,0.0,0.0,0.0,0.0,0.0,0.0,0.0,0.0,0.0,0.0,94.7,0.0,0.0,20.0,10.0,70.0,2,1700.0,525,14.48269076305221,54.9
212,0.0,10.1,0.0,0.0,0.0,0.0,0.0,0.0,0.0,0.0,0.0,0.0,0.0,0.0,0.0,0.0,89.9,0.0,0.0,20.0,10.0,70.0,2,1700.0,450,14.48269076305221,72.0
213,0.0,10.1,0.0,0.0,0.0,0.0,0.0,0.0,0.0,0.0,0.0,0.0,0.0,0.0,0.0,0.0,89.9,0.0,0.0,20.0,10.0,70.0,2,1700.0,475,14.48269076305221,62.5
214,0.0,10.1,0.0,0.0,0.0,0.0,0.0,0.0,0.0,0.0,0.0,0.0,0.0,0.0,0.0,0.0,89.9,0.0,0.0,20.0,10.0,70.0,2,1700.0,500,14.48269076305221,50.6
215,0.0,10.1,0.0,0.0,0.0,0.0,0.0,0.0,0.0,0.0,0.0,0.0,0.0,0.0,0.0,0.0,89.9,0.0,0.0,20.0,10.0,70.0,2,1700.0,525,14.48269076305221,40.7
216,0.0,20.8,0.0,0.0,0.0,0.0,0.0,0.0,0.0,0.0,0.0,0.0,0.0,0.0,0.0,0.0,79.2,0.0,0.0,20.0,10.0,70.0,2,1700.0,450,14.48269076305221,60.0
217,0.0,20.8,0.0,0.0,0.0,0.0,0.0,0.0,0.0,0.0,0.0,0.0,0.0,0.0,0.0,0.0,79.2,0.0,0.0,20.0,10.0,70.0,2,1700.0,475,14.48269076305221,31.0
218,0.0,20.8,0.0,0.0,0.0,0.0,0.0,0.0,0.0,0.0,0.0,0.0,0.0,0.0,0.0,0.0,79.2,0.0,0.0,20.0,10.0,70.0,2,1700.0,500,14.48269076305221,26.7
219,0.0,50.8,0.0,0.0,0.0,0.0,0.0,0.0,0.0,0.0,0.0,0.0,0.0,0.0,0.0,0.0,49.2,0.0,0.0,20.0,10.0,70.0,2,1700.0,425,14.48269076305221,47.3
220,0.0,50.8,0.0,0.0,0.0,0.0,0.0,0.0,0.0,0.0,0.0,0.0,0.0,0.0,0.0,0.0,49.2,0.0,0.0,20.0,10.0,70.0,2,1700.0,450,14.48269076305221,27.3
221,0.0,50.8,0.0,0.0,0.0,0.0,0.0,0.0,0.0,0.0,0.0,0.0,0.0,0.0,0.0,0.0,49.2,0.0,0.0,20.0,10.0,70.0,2,1700.0,475,14.48269076305221,14.4
222,0.0,100.0,0.0,0.0,0.0,0.0,0.0,0.0,0.0,0.0,0.0,0.0,0.0,0.0,0.0,0.0,0.0,0.0,0.0,20.0,10.0,70.0,1,1700.0,450,14.48269076305221,46.4
223,0.0,100.0,0.0,0.0,0.0,0.0,0.0,0.0,0.0,0.0,0.0,0.0,0.0,0.0,0.0,0.0,0.0,0.0,0.0,20.0,10.0,70.0,1,1700.0,475,14.48269076305221,15.1
224,0.0,100.0,0.0,0.0,0.0,0.0,0.0,0.0,0.0,0.0,0.0,0.0,0.0,0.0,0.0,0.0,0.0,0.0,0.0,20.0,10.0,70.0,1,1700.0,500,14.48269076305221,16.2
225,0.0,2.3,0.0,0.0,0.0,0.0,0.0,97.7,0.0,0.0,0.0,0.0,0.0,0.0,0.0,0.0,0.0,0.0,0.0,29.1,14.5,56.4,2,22828.986301369863,430,5.0,60.0
226,0.0,4.7,0.0,0.0,0.0,0.0,0.0,95.3,0.0,0.0,0.0,0.0,0.0,0.0,0.0,0.0,0.0,0.0,0.0,29.1,14.5,56.4,2,22828.986301369863,430,5.0,50.0
227,0.0,6.4,0.0,0.0,0.0,0.0,0.0,93.6,0.0,0.0,0.0,0.0,0.0,0.0,0.0,0.0,0.0,0.0,0.0,29.1,14.5,56.4,2,22828.986301369863,430,5.0,47.0
228,0.0,8.1,0.0,0.0,0.0,0.0,0.0,91.9,0.0,0.0,0.0,0.0,0.0,0.0,0.0,0.0,0.0,0.0,0.0,29.1,14.5,56.4,2,22828.986301369863,430,5.0,44.0
229,0.0,13.6,0.0,0.0,0.0,0.0,0.0,86.4,0.0,0.0,0.0,0.0,0.0,0.0,0.0,0.0,0.0,0.0,0.0,29.1,14.5,56.4,2,22828.986301369863,430,5.0,52.0
230,0.0,0.0,0.0,0.0,0.0,0.0,0.0,0.0,100.0,0.0,0.0,0.0,0.0,0.0,0.0,0.0,0.0,0.0,0.0,10.0,10.0,80.0,1,72000.0,550,2.8,68.8
231,0.0,1.4,0.0,0.0,0.0,0.0,0.0,0.0,98.6,0.0,0.0,0.0,0.0,0.0,0.0,0.0,0.0,0.0,0.0,10.0,10.0,80.0,2,72000.0,550,11.0,89.2
232,0.0,2.8,0.0,0.0,0.0,0.0,0.0,0.0,97.2,0.0,0.0,0.0,0.0,0.0,0.0,0.0,0.0,0.0,0.0,10.0,10.0,80.0,2,72000.0,550,27.6,81.4
233,0.0,4.2,0.0,0.0,0.0,0.0,0.0,0.0,95.8,0.0,0.0,0.0,0.0,0.0,0.0,0.0,0.0,0.0,0.0,10.0,10.0,80.0,2,72000.0,550,40.8,68.5
234,0.0,5.6,0.0,0.0,0.0,0.0,0.0,0.0,94.4,0.0,0.0,0.0,0.0,0.0,0.0,0.0,0.0,0.0,0.0,10.0,10.0,80.0,2,72000.0,550,34.9,57.1
235,0.0,2.8,0.0,0.0,0.0,0.0,0.0,97.2,0.0,0.0,0.0,0.0,0.0,0.0,0.0,0.0,0.0,0.0,0.0,10.0,10.0,80.0,2,72000.0,550,26.3,65.4
236,0.0,4.5,0.0,0.0,0.0,95.5,0.0,0.0,0.0,0.0,0.0,0.0,0.0,0.0,0.0,0.0,0.0,0.0,0.0,10.0,10.0,80.0,2,72000.0,550,24.2,55.3
237,0.0,1.8,0.0,0.0,0.0,0.0,0.0,0.0,0.0,0.0,0.0,0.0,0.0,0.0,0.0,0.0,98.2,0.0,0.0,10.0,10.0,80.0,2,72000.0,550,12.7,57.1
238,0.0,0.0,0.0,0.0,0.0,0.0,0.0,0.0,0.0,0.0,0.0,0.0,0.0,0.0,0.0,0.0,100.0,0.0,0.0,16.7,16.7,66.6,1,1677.0,600,9.3,22.6
239,0.0,1.0,0.0,0.0,0.0,0.0,0.0,99.0,0.0,0.0,0.0,0.0,0.0,0.0,0.0,0.0,0.0,0.0,0.0,16.7,16.7,66.6,2,1677.0,600,34.2,46.5
240,0.0,1.8,0.0,0.0,0.0,0.0,0.0,98.2,0.0,0.0,0.0,0.0,0.0,0.0,0.0,0.0,0.0,0.0,0.0,16.7,16.7,66.6,2,1677.0,600,37.4,53.1
241,0.0,2.8,0.0,0.0,0.0,0.0,0.0,97.2,0.0,0.0,0.0,0.0,0.0,0.0,0.0,0.0,0.0,0.0,0.0,16.7,16.7,66.6,2,1677.0,600,41.7,57.0
242,0.0,4.5,0.0,0.0,0.0,0.0,0.0,95.5,0.0,0.0,0.0,0.0,0.0,0.0,0.0,0.0,0.0,0.0,0.0,16.7,16.7,66.6,2,1677.0,600,34.5,52.0
243,0.0,9.0,0.0,0.0,0.0,0.0,0.0,91.0,0.0,0.0,0.0,0.0,0.0,0.0,0.0,0.0,0.0,0.0,0.0,16.7,16.7,66.6,2,1677.0,600,33.8,48.4
244,0.0,2.8,0.0,0.0,0.0,0.0,0.0,0.0,0.0,0.0,0.0,97.2,0.0,0.0,0.0,0.0,0.0,0.0,0.0,16.7,16.7,66.6,2,1677.0,600,30.6,57.5
245,0.0,2.8,0.0,0.0,0.0,0.0,0.0,0.0,0.0,0.0,0.0,0.0,0.0,0.0,0.0,0.0,97.2,0.0,0.0,16.7,16.7,66.6,2,1677.0,600,25.7,54.3
246,0.0,0.0,0.0,0.0,0.0,0.0,0.0,100.0,0.0,0.0,0.0,0.0,0.0,0.0,0.0,0.0,0.0,0.0,0.0,16.6,20.0,63.4,1,6000.0,600,9.3,22.6
247,0.0,1.9,0.0,0.0,0.0,0.0,0.0,98.1,0.0,0.0,0.0,0.0,0.0,0.0,0.0,0.0,0.0,0.0,0.0,16.6,20.0,63.4,2,6000.0,600,34.2,46.5
248,0.0,3.3,0.0,0.0,0.0,0.0,0.0,96.7,0.0,0.0,0.0,0.0,0.0,0.0,0.0,0.0,0.0,0.0,0.0,16.6,20.0,63.4,2,6000.0,600,37.4,53.1
249,0.0,5.0,0.0,0.0,0.0,0.0,0.0,95.0,0.0,0.0,0.0,0.0,0.0,0.0,0.0,0.0,0.0,0.0,0.0,16.6,20.0,63.4,2,6000.0,600,41.7,57.0
250,0.0,8.0,0.0,0.0,0.0,0.0,0.0,92.0,0.0,0.0,0.0,0.0,0.0,0.0,0.0,0.0,0.0,0.0,0.0,16.6,20.0,63.4,2,6000.0,600,34.5,52.0
251,0.0,16.0,0.0,0.0,0.0,0.0,0.0,84.0,0.0,0.0,0.0,0.0,0.0,0.0,0.0,0.0,0.0,0.0,0.0,16.6,20.0,63.4,2,6000.0,600,33.8,48.4
252,0.0,5.0,0.0,0.0,0.0,0.0,0.0,0.0,0.0,0.0,0.0,0.0,0.0,0.0,0.0,0.0,95.0,0.0,0.0,16.6,20.0,63.4,2,6000.0,600,25.7,54.3
253,0.0,5.0,0.0,0.0,0.0,0.0,0.0,0.0,0.0,0.0,0.0,95.0,0.0,0.0,0.0,0.0,0.0,0.0,0.0,16.6,20.0,63.4,2,6000.0,600,30.6,57.5
254,0.0,0.0,0.0,0.0,0.0,0.0,0.0,0.0,0.0,0.0,0.0,0.0,0.0,0.0,0.0,0.0,100.0,0.0,0.0,20.0,20.0,60.0,1,60000.0,550,3.7,40.4
255,0.0,3.0,0.0,0.0,0.0,0.0,0.0,0.0,0.0,0.0,0.0,0.0,0.0,0.0,0.0,0.0,97.0,0.0,0.0,20.0,20.0,60.0,2,60000.0,550,8.5,50.0
256,0.0,5.0,0.0,0.0,0.0,0.0,0.0,0.0,0.0,0.0,0.0,0.0,0.0,0.0,0.0,0.0,95.0,0.0,0.0,20.0,20.0,60.0,2,60000.0,550,11.5,43.4
257,0.0,10.0,0.0,0.0,0.0,0.0,0.0,0.0,0.0,0.0,0.0,0.0,0.0,0.0,0.0,0.0,90.0,0.0,0.0,20.0,20.0,60.0,2,60000.0,550,16.6,34.0
258,0.0,15.0,0.0,0.0,0.0,0.0,0.0,0.0,0.0,0.0,0.0,0.0,0.0,0.0,0.0,0.0,85.0,0.0,0.0,20.0,20.0,60.0,2,60000.0,550,23.7,33.2
259,0.0,20.0,0.0,0.0,0.0,0.0,0.0,0.0,0.0,0.0,0.0,0.0,0.0,0.0,0.0,0.0,80.0,0.0,0.0,20.0,20.0,60.0,2,60000.0,550,19.0,31.2
260,0.0,25.0,0.0,0.0,0.0,0.0,0.0,0.0,0.0,0.0,0.0,0.0,0.0,0.0,0.0,0.0,75.0,0.0,0.0,20.0,20.0,60.0,2,60000.0,550,20.2,25.0
261,0.0,0.0,0.0,0.0,5.44,0.0,0.0,0.0,0.0,0.0,0.0,0.0,0.0,94.56,0.0,0.0,0.0,0.0,0.0,29.4,9.6,61.0,2,22828.986301369863,450,5.0,62.0
262,0.0,0.0,0.0,0.0,5.04,0.0,0.0,0.0,0.0,0.0,0.0,0.0,0.0,0.0,0.0,0.0,0.0,94.96,0.0,29.4,9.6,61.0,2,22828.986301369863,450,5.0,75.0
263,0.0,0.0,0.0,0.0,5.52,0.0,0.0,0.0,0.0,0.0,0.0,0.0,0.0,0.0,94.48,0.0,0.0,0.0,0.0,29.4,9.6,61.0,2,22828.986301369863,650,5.0,54.0
264,0.0,0.0,0.0,0.0,3.64,0.0,0.0,0.0,0.0,0.0,0.0,0.0,0.0,0.0,0.0,0.0,96.36,0.0,0.0,29.4,9.6,61.0,2,22828.986301369863,650,5.0,82.0
265,0.0,0.0,0.0,0.0,4.7,0.0,0.0,0.0,0.0,0.0,95.3,0.0,0.0,0.0,0.0,0.0,0.0,0.0,0.0,29.4,9.6,61.0,2,22828.986301369863,650,5.0,68.0
266,0.0,0.0,0.0,0.0,6.33,0.0,93.67,0.0,0.0,0.0,0.0,0.0,0.0,0.0,0.0,0.0,0.0,0.0,0.0,29.4,9.6,61.0,2,22828.986301369863,650,5.0,64.0
267,0.0,0.0,0.0,0.0,0.0,0.0,0.0,0.0,0.0,0.0,0.0,0.0,0.0,0.0,0.0,0.0,0.0,100.0,0.0,29.4,9.6,61.0,1,22828.986301369863,590,5.0,46.0
268,0.0,0.0,0.0,0.0,0.81,0.0,0.0,0.0,0.0,0.0,0.0,0.0,0.0,0.0,0.0,0.0,0.0,99.19,0.0,29.4,9.6,61.0,2,22828.986301369863,603,5.0,56.0
269,0.0,0.0,0.0,0.0,2.14,0.0,0.0,0.0,0.0,0.0,0.0,0.0,0.0,0.0,0.0,0.0,0.0,97.86,0.0,29.4,9.6,61.0,2,22828.986301369863,605,5.0,67.0
270,0.0,0.0,0.0,0.0,4.27,0.0,0.0,0.0,0.0,0.0,0.0,0.0,0.0,0.0,0.0,0.0,0.0,95.73,0.0,29.4,9.6,61.0,2,22828.986301369863,605,5.0,77.0
271,0.0,0.0,0.0,0.0,9.38,0.0,0.0,0.0,0.0,0.0,0.0,0.0,0.0,0.0,0.0,0.0,0.0,90.62,0.0,29.4,9.6,61.0,2,22828.986301369863,597,5.0,80.0
272,0.0,0.0,0.0,0.0,14.8,0.0,0.0,0.0,0.0,0.0,0.0,0.0,0.0,0.0,0.0,0.0,0.0,85.2,0.0,29.4,9.6,61.0,2,22828.986301369863,633,5.0,78.0
273,0.0,0.0,0.0,0.0,100.0,0.0,0.0,0.0,0.0,0.0,0.0,0.0,0.0,0.0,0.0,0.0,0.0,0.0,0.0,29.4,9.6,61.0,1,22828.986301369863,629,5.0,64.0
274,0.0,1.21,0.0,0.0,9.02,0.0,0.0,0.0,0.0,0.0,0.0,0.0,0.0,0.0,0.0,0.0,0.0,90.98,0.0,29.4,9.6,61.0,2,22828.986301369863,484,5.0,74.0
